{
    "name": "root",
    "gauges": {
        "Soccer_AI.Policy.Entropy.mean": {
            "value": 2.260733127593994,
            "min": 2.0605709552764893,
            "max": 2.691636800765991,
            "count": 1851
        },
        "Soccer_AI.Policy.Entropy.sum": {
            "value": 23945.685546875,
            "min": 725.3209838867188,
            "max": 56158.30859375,
            "count": 1851
        },
        "Soccer_AI.Environment.EpisodeLength.mean": {
            "value": 24.122448979591837,
            "min": 9.0,
            "max": 198.41176470588235,
            "count": 1851
        },
        "Soccer_AI.Environment.EpisodeLength.sum": {
            "value": 9456.0,
            "min": 36.0,
            "max": 13892.0,
            "count": 1851
        },
        "Soccer_AI.Self-play.ELO.mean": {
            "value": 886.0846278335744,
            "min": 639.1233519788742,
            "max": 921.888474282087,
            "count": 1851
        },
        "Soccer_AI.Self-play.ELO.sum": {
            "value": 347345.17411076115,
            "min": 2556.493407915497,
            "max": 475730.76519822015,
            "count": 1851
        },
        "Soccer_AI.Step.mean": {
            "value": 49999997.0,
            "min": 31499992.0,
            "max": 49999997.0,
            "count": 1851
        },
        "Soccer_AI.Step.sum": {
            "value": 49999997.0,
            "min": 31499992.0,
            "max": 49999997.0,
            "count": 1851
        },
        "Soccer_AI.Policy.ExtrinsicBaselineEstimate.mean": {
            "value": 0.8172626495361328,
            "min": 0.7293796539306641,
            "max": 0.8909499645233154,
            "count": 1851
        },
        "Soccer_AI.Policy.ExtrinsicBaselineEstimate.sum": {
            "value": 323.6360168457031,
            "min": 1.7818999290466309,
            "max": 444.6798095703125,
            "count": 1851
        },
        "Soccer_AI.Policy.ExtrinsicValueEstimate.mean": {
            "value": 0.8157408237457275,
            "min": 0.7252564430236816,
            "max": 0.8820720911026001,
            "count": 1851
        },
        "Soccer_AI.Policy.ExtrinsicValueEstimate.sum": {
            "value": 323.0333557128906,
            "min": 1.7641441822052002,
            "max": 445.35662841796875,
            "count": 1851
        },
        "Soccer_AI.Environment.CumulativeReward.mean": {
            "value": 0.0,
            "min": 0.0,
            "max": 0.0,
            "count": 1851
        },
        "Soccer_AI.Environment.CumulativeReward.sum": {
            "value": 0.0,
            "min": 0.0,
            "max": 0.0,
            "count": 1851
        },
        "Soccer_AI.Policy.ExtrinsicReward.mean": {
            "value": 0.9553373760045177,
            "min": 0.8157010324222526,
            "max": 0.9890000224113464,
            "count": 1851
        },
        "Soccer_AI.Policy.ExtrinsicReward.sum": {
            "value": 378.313600897789,
            "min": 1.9780000448226929,
            "max": 523.0005999803543,
            "count": 1851
        },
        "Soccer_AI.Environment.GroupCumulativeReward.mean": {
            "value": 0.9553373760045177,
            "min": 0.8157010324222526,
            "max": 0.9890000224113464,
            "count": 1851
        },
        "Soccer_AI.Environment.GroupCumulativeReward.sum": {
            "value": 378.313600897789,
            "min": 1.9780000448226929,
            "max": 523.0005999803543,
            "count": 1851
        },
        "Soccer_AI.IsTraining.mean": {
            "value": 1.0,
            "min": 1.0,
            "max": 1.0,
            "count": 1851
        },
        "Soccer_AI.IsTraining.sum": {
            "value": 1.0,
            "min": 1.0,
            "max": 1.0,
            "count": 1851
        },
        "Soccer_AI.Losses.PolicyLoss.mean": {
            "value": 0.017535332850335785,
            "min": 0.011196799432400439,
            "max": 0.025128821198207637,
            "count": 892
        },
        "Soccer_AI.Losses.PolicyLoss.sum": {
            "value": 0.017535332850335785,
            "min": 0.011196799432400439,
            "max": 0.025128821198207637,
            "count": 892
        },
        "Soccer_AI.Losses.ValueLoss.mean": {
            "value": 0.011882680964966615,
            "min": 0.0068763745948672295,
            "max": 0.03431921135634184,
            "count": 892
        },
        "Soccer_AI.Losses.ValueLoss.sum": {
            "value": 0.011882680964966615,
            "min": 0.0068763745948672295,
            "max": 0.03431921135634184,
            "count": 892
        },
        "Soccer_AI.Losses.BaselineLoss.mean": {
            "value": 0.011915101514508327,
            "min": 0.0067060007558514675,
            "max": 0.037703114561736584,
            "count": 892
        },
        "Soccer_AI.Losses.BaselineLoss.sum": {
            "value": 0.011915101514508327,
            "min": 0.0067060007558514675,
            "max": 0.037703114561736584,
            "count": 892
        },
        "Soccer_AI.Policy.LearningRate.mean": {
            "value": 0.0003,
            "min": 0.0003,
            "max": 0.0003,
            "count": 892
        },
        "Soccer_AI.Policy.LearningRate.sum": {
            "value": 0.0003,
            "min": 0.0003,
            "max": 0.0003,
            "count": 892
        },
        "Soccer_AI.Policy.Epsilon.mean": {
            "value": 0.20000000000000007,
            "min": 0.2,
            "max": 0.20000000000000007,
            "count": 892
        },
        "Soccer_AI.Policy.Epsilon.sum": {
            "value": 0.20000000000000007,
            "min": 0.2,
            "max": 0.20000000000000007,
            "count": 892
        },
        "Soccer_AI.Policy.Beta.mean": {
            "value": 0.005000000000000001,
            "min": 0.005,
            "max": 0.005000000000000001,
            "count": 892
        },
        "Soccer_AI.Policy.Beta.sum": {
            "value": 0.005000000000000001,
            "min": 0.005,
            "max": 0.005000000000000001,
            "count": 892
        }
    },
    "metadata": {
        "timer_format_version": "0.1.0",
        "start_time_seconds": "1636769513",
        "python_version": "3.7.9 (tags/v3.7.9:13c94747c7, Aug 17 2020, 18:58:18) [MSC v.1900 64 bit (AMD64)]",
        "command_line_arguments": "C:\\ML-Agent\\bockkim\\Scripts\\mlagents-learn ./config/poca/SoccerTwos.yaml --run-id=Soccer_02 --resume",
        "mlagents_version": "0.27.0",
        "mlagents_envs_version": "0.27.0",
        "communication_protocol_version": "1.5.0",
        "pytorch_version": "1.7.1+cu110",
        "numpy_version": "1.21.3",
        "end_time_seconds": "1636796762"
    },
    "total": 27248.6331782,
    "count": 1,
    "self": 0.008867700002156198,
    "children": {
        "run_training.setup": {
            "total": 0.11924240000000097,
            "count": 1,
            "self": 0.11924240000000097
        },
        "TrainerController.start_learning": {
            "total": 27248.5050681,
            "count": 1,
            "self": 13.084435600543657,
            "children": {
                "TrainerController._reset_env": {
                    "total": 6.5093630000036615,
                    "count": 94,
                    "self": 6.5093630000036615
                },
                "TrainerController.advance": {
                    "total": 27228.748767999452,
                    "count": 709251,
                    "self": 14.586102301273058,
                    "children": {
                        "env_step": {
                            "total": 15568.347723799434,
                            "count": 709251,
                            "self": 13813.156105199516,
                            "children": {
                                "SubprocessEnvManager._take_step": {
                                    "total": 1747.0854007002476,